input	writer_file	reader	Q1	Q2	Q3	Q4	Q5	Q6	Q7	Q8
R00	memo	opus	5%	15%	通常品5%、セール品割引なし	500円引き	5%	10%	割引なし	割引なし
R00	memo	sonnet	5%	15%	通常品5%、セール品割引なし	500円引き	5%	10%	割引なし	割引なし
R01	c3_W_original_sonnet.txt	opus	5%	15%	通常品5%、セール品割引なし	500円引き	5%	10%	割引なし	割引なし
R01	c3_W_original_sonnet.txt	sonnet	5%	15%	通常品5%、セール品割引なし	500円引き	5%	10%	割引なし	割引なし
R02	c1_W_none_opus.txt	opus	5%	15%	通常品5%、セール品割引なし	500円引き	5%	10%	割引なし	割引なし
R02	c1_W_none_opus.txt	sonnet	5%	15%	通常品5%、セール品割引なし	500円引き	5%	10%	割引なし	割引なし
R03	c3_W_P_en_opus.txt	opus	5%	15%	通常品5%、セール品割引なし	500円引き	5%	10%	割引なし	割引なし
R03	c3_W_P_en_opus.txt	sonnet	5%	15%	通常品5%、セール品割引なし	500円引き	5%	10%	割引なし	割引なし
R04	c2_W_C_clarity_opus.txt	opus	5%	15%	通常品5%、セール品割引なし	500円引き	5%	10%	割引なし	割引なし
R04	c2_W_C_clarity_opus.txt	sonnet	5%	15%	通常品5%、セール品割引なし	500円引き	5%	10%	割引なし	割引なし
R05	c1_W_original_opus.txt	opus	5%	15%	通常品5%、セール品割引なし	500円引き	5%	10%	割引なし	割引なし
R05	c1_W_original_opus.txt	sonnet	5%	15%	通常品5%、セール品割引なし	500円	5%	10%	割引なし	割引なし
R06	c3_W_original_opus.txt	opus	5%	15%	通常品5%、セール品割引なし	500円引き	5%	10%	割引なし	割引なし
R06	c3_W_original_opus.txt	sonnet	5%	15%	通常品5%、セール品割引なし	500円引き	5%	10%	割引なし	割引なし
R07	c1_W_C_clarity_opus.txt	opus	5%	15%	通常品5%、セール品割引なし	500円	5%	10%	割引なし	割引なし
R07	c1_W_C_clarity_opus.txt	sonnet	5%	15%	通常品5%、セール品割引なし	500円引き	5%	10%	割引なし	割引なし
R08	c3_W_none_sonnet.txt	opus	5%	15%	通常品5%、セール品割引なし	500円引き	5%	10%	割引なし	割引なし
R08	c3_W_none_sonnet.txt	sonnet	5%	15%	通常品5%、セール品割引なし	500円引き	5%	10%	割引なし	割引なし
R09	c1_W_original_sonnet.txt	opus	5%	15%	通常品5%、セール品割引なし	500円引き	5%	10%	割引なし	割引なし
R09	c1_W_original_sonnet.txt	sonnet	5%	15%	通常品5%、セール品割引なし	500円引き	5%	10%	割引なし	割引なし
R10	c3_W_none_opus.txt	opus	5%	15%	通常品5%、セール品割引なし	500円引き	5%	10%	割引なし	割引なし
R10	c3_W_none_opus.txt	sonnet	5%	15%	通常品5%、セール品割引なし	500円引き	5%	10%	割引なし	割引なし
R11	c3_W_L2_ifeq_opus.txt	opus	5%	15%	通常品5%、セール品割引なし	500円引き	5%	10%	割引なし	割引なし
R11	c3_W_L2_ifeq_opus.txt	sonnet	5%	15%	通常品5%、セール品割引なし	500円引き	5%	10%	割引なし	割引なし
R12	c2_W_P_en_sonnet.txt	opus	5%	15%	通常品5%、セール品割引なし	500円引き	5%	10%	割引なし	割引なし
R12	c2_W_P_en_sonnet.txt	sonnet	5%	15%	通常品5%、セール品割引なし	500円引き	5%	10%	割引なし	割引なし
R13	c2_W_P_en_opus.txt	opus	5%	15%	通常品5%、セール品割引なし	500円引き	5%	10%	割引なし	割引なし
R13	c2_W_P_en_opus.txt	sonnet	5%	15%	通常品5%、セール品割引なし	500円引き	5%	10%	割引なし	割引なし
R14	c3_W_L2_ifeq_sonnet.txt	opus	5%	15%	通常品5%、セール品割引なし	500円引き	5%	10%	割引なし	割引なし
R14	c3_W_L2_ifeq_sonnet.txt	sonnet	5%	15%	通常品5%、セール品割引なし	500円引き	5%	10%	割引なし	割引なし
R15	c2_W_none_opus.txt	opus	5%	15%	通常品5%、セール品割引なし	500円引き	5%	10%	割引なし	割引なし
R15	c2_W_none_opus.txt	sonnet	5%	15%	通常品5%、セール品割引なし	500円引き	5%	10%	割引なし	割引なし
R16	c3_W_C_clarity_opus.txt	opus	不明	不明	不明	不明	不明	不明	不明	不明
R16	c3_W_C_clarity_opus.txt	sonnet	不明	不明	不明	不明	不明	不明	不明	不明
R17	c1_W_none_sonnet.txt	opus	5%	15%	通常品5%、セール品割引なし	500円引き	5%	10%	割引なし	割引なし
R17	c1_W_none_sonnet.txt	sonnet	5%	15%	通常品5%、セール品割引なし	500円引き	5%	10%	割引なし	割引なし
R18	c2_W_none_sonnet.txt	opus	5%	15%	通常品5%、セール品割引なし	500円引き	5%	10%	割引なし	割引なし
R18	c2_W_none_sonnet.txt	sonnet	5%	15%	通常品5%、セール品割引なし	500円引き	5%	10%	割引なし	割引なし
R19	c3_W_P_en_sonnet.txt	opus	5%	15%	通常品5%、セール品割引なし	500円引き	5%	10%	割引なし	割引なし
R19	c3_W_P_en_sonnet.txt	sonnet	5%	15%	通常品5%、セール品割引なし	500円引き	5%	10%	割引なし	割引なし
R20	c2_W_original_sonnet.txt	opus	5%	15%	通常品5%、セール品割引なし	500円引き	5%	10%	割引なし	割引なし
R20	c2_W_original_sonnet.txt	sonnet	5%	15%	通常品5%、セール品割引なし	500円引き	5%	10%	割引なし	割引なし
R21	c2_W_L2_ifeq_opus.txt	opus	5%	15%	通常品5%、セール品割引なし	500円引き	5%	10%	割引なし	割引なし
R21	c2_W_L2_ifeq_opus.txt	sonnet	5%	15%	通常品5%、セール品割引なし	500円引き	5%	10%	割引なし	割引なし
R22	c1_W_P_en_opus.txt	opus	5%	15%	通常品5%、セール品割引なし	500円引き	5%	10%	割引なし	割引なし
R22	c1_W_P_en_opus.txt	sonnet	5%	15%	通常品5%、セール品割引なし	500円引き	5%	10%	割引なし	割引なし
R23	c2_W_original_opus.txt	opus	5%	15%	通常品5%、セール品割引なし	500円引き	5%	10%	割引なし	割引なし
R23	c2_W_original_opus.txt	sonnet	5%	15%	通常品5%、セール品割引なし	500円引き	5%	10%	割引なし	割引なし
R24	c1_W_L2_ifeq_sonnet.txt	opus	5%	15%	通常品5%、セール品割引なし	500円引き	5%	10%	割引なし	割引なし
R24	c1_W_L2_ifeq_sonnet.txt	sonnet	5%	15%	通常品5%、セール品割引なし	500円引き	5%	10%	割引なし	割引なし
R25	c1_W_L2_ifeq_opus.txt	opus	5%	15%	通常品5%、セール品割引なし	500円引き	5%	10%	割引なし	割引なし
R25	c1_W_L2_ifeq_opus.txt	sonnet	5%	15%	通常品5%、セール品割引なし	500円引き	5%	10%	割引なし	割引なし
R26	c3_W_C_clarity_sonnet.txt	opus	不明	不明	不明	不明	不明	不明	不明	割引なし（引用されている「セール品には割引もクーポンも使えない」をルールとして認める場合に限ります。認めないなら不明です）
R26	c3_W_C_clarity_sonnet.txt	sonnet	不明	不明	不明	不明	不明	不明	不明	不明
R27	c2_W_L2_ifeq_sonnet.txt	opus	5%	15%	通常品5%、セール品割引なし	500円引き	5%	10%	割引なし	割引なし
R27	c2_W_L2_ifeq_sonnet.txt	sonnet	5%	15%	通常品5%、セール品割引なし	500円引き	5%	10%	割引なし	割引なし
R28	c1_W_P_en_sonnet.txt	opus	5%	15%	通常品5%、セール品割引なし	500円引き	5%	10%	割引なし	割引なし
R28	c1_W_P_en_sonnet.txt	sonnet	5%	15%	通常品5%、セール品割引なし	500円引き	5%	10%	割引なし	割引なし
R29	c2_W_C_clarity_sonnet.txt	opus	不明	不明	不明	不明	不明	不明	不明	不明
R29	c2_W_C_clarity_sonnet.txt	sonnet	不明	不明	不明	不明	不明	不明	不明	不明
R31	c1_W_C_clarity_sonnet.txt	opus	不明	15%	通常品5%、セール品割引なし	500円引き	5%	10%	割引なし	割引なし
R31	c1_W_C_clarity_sonnet.txt	sonnet	割引なし	15%	通常品5%、セール品割引なし	500円引き	5%	10%	割引なし	割引なし
