R01.txt	c3_W_original_sonnet.txt
R02.txt	c1_W_none_opus.txt
R03.txt	c3_W_P_en_opus.txt
R04.txt	c2_W_C_clarity_opus.txt
R05.txt	c1_W_original_opus.txt
R06.txt	c3_W_original_opus.txt
R07.txt	c1_W_C_clarity_opus.txt
R08.txt	c3_W_none_sonnet.txt
R09.txt	c1_W_original_sonnet.txt
R10.txt	c3_W_none_opus.txt
R11.txt	c3_W_L2_ifeq_opus.txt
R12.txt	c2_W_P_en_sonnet.txt
R13.txt	c2_W_P_en_opus.txt
R14.txt	c3_W_L2_ifeq_sonnet.txt
R15.txt	c2_W_none_opus.txt
R16.txt	c3_W_C_clarity_opus.txt
R17.txt	c1_W_none_sonnet.txt
R18.txt	c2_W_none_sonnet.txt
R19.txt	c3_W_P_en_sonnet.txt
R20.txt	c2_W_original_sonnet.txt
R21.txt	c2_W_L2_ifeq_opus.txt
R22.txt	c1_W_P_en_opus.txt
R23.txt	c2_W_original_opus.txt
R24.txt	c1_W_L2_ifeq_sonnet.txt
R25.txt	c1_W_L2_ifeq_opus.txt
R26.txt	c3_W_C_clarity_sonnet.txt
R27.txt	c2_W_L2_ifeq_sonnet.txt
R28.txt	c1_W_P_en_sonnet.txt
R29.txt	c2_W_C_clarity_sonnet.txt
R00.txt	memo
R31.txt	c1_W_C_clarity_sonnet.txt
