run	case	version	model	tokens
e1	T1	P_en	haiku	187
e1	T1	P_en	opus	57
e1	T1	P_en	sonnet	83
e1	T2	P_en	haiku	11
e1	T2	P_en	opus	17
e1	T2	P_en	sonnet	18
e1	T3	P_en	haiku	214
e1	T3	P_en	opus	39
e1	T3	P_en	sonnet	39
e1	T4	P_en	haiku	34
e1	T4	P_en	opus	9
e1	T4	P_en	sonnet	18
e1	T5	P_en	haiku	172
e1	T5	P_en	opus	38
e1	T5	P_en	sonnet	43
e2	T1	P_en	haiku	126
e2	T1	P_en	opus	48
e2	T1	P_en	sonnet	85
e2	T2	P_en	haiku	16
e2	T2	P_en	opus	14
e2	T2	P_en	sonnet	30
e2	T3	P_en	haiku	145
e2	T3	P_en	opus	38
e2	T3	P_en	sonnet	14
e2	T4	P_en	haiku	24
e2	T4	P_en	opus	8
e2	T4	P_en	sonnet	14
e2	T5	P_en	haiku	133
e2	T5	P_en	opus	53
e2	T5	P_en	sonnet	38
e3	T1	P_en	haiku	110
e3	T1	P_en	opus	50
e3	T1	P_en	sonnet	56
e3	T2	P_en	haiku	65
e3	T2	P_en	opus	14
e3	T2	P_en	sonnet	35
e3	T3	P_en	haiku	78
e3	T3	P_en	opus	64
e3	T3	P_en	sonnet	14
e3	T4	P_en	haiku	22
e3	T4	P_en	opus	8
e3	T4	P_en	sonnet	15
e3	T5	P_en	haiku	99
e3	T5	P_en	opus	45
e3	T5	P_en	sonnet	14
k1	T1	P_ja	haiku	192
k1	T1	P_ja	opus	87
k1	T1	P_ja	sonnet	17
k1	T2	P_ja	haiku	51
k1	T2	P_ja	opus	7
k1	T2	P_ja	sonnet	44
k1	T3	P_ja	haiku	128
k1	T3	P_ja	opus	115
k1	T3	P_ja	sonnet	86
k1	T4	P_ja	haiku	21
k1	T4	P_ja	opus	11
k1	T4	P_ja	sonnet	39
k1	T5	P_ja	haiku	155
k1	T5	P_ja	opus	58
k1	T5	P_ja	sonnet	86
k2	T1	P_ja	haiku	139
k2	T1	P_ja	opus	100
k2	T1	P_ja	sonnet	104
k2	T2	P_ja	haiku	55
k2	T2	P_ja	opus	14
k2	T2	P_ja	sonnet	32
k2	T3	P_ja	haiku	140
k2	T3	P_ja	opus	92
k2	T3	P_ja	sonnet	75
k2	T4	P_ja	haiku	13
k2	T4	P_ja	opus	7
k2	T4	P_ja	sonnet	48
k2	T5	P_ja	haiku	83
k2	T5	P_ja	opus	102
k2	T5	P_ja	sonnet	14
k3	T1	P_ja	haiku	193
k3	T1	P_ja	opus	49
k3	T1	P_ja	sonnet	165
k3	T2	P_ja	haiku	38
k3	T2	P_ja	opus	24
k3	T2	P_ja	sonnet	22
k3	T3	P_ja	haiku	129
k3	T3	P_ja	opus	58
k3	T3	P_ja	sonnet	14
k3	T4	P_ja	haiku	53
k3	T4	P_ja	opus	22
k3	T4	P_ja	sonnet	16
k3	T5	P_ja	haiku	96
k3	T5	P_ja	opus	105
k3	T5	P_ja	sonnet	42
