o0_T1_original_haiku	568
o0_T1_original_opus	136
o0_T1_original_sonnet	157
o0_T2_original_haiku	301
o0_T2_original_opus	4
o0_T2_original_sonnet	338
o0_T3_original_haiku	421
o0_T3_original_opus	74
o0_T3_original_sonnet	47
o0_T4_original_haiku	324
o0_T4_original_opus	32
o0_T4_original_sonnet	118
o0_T5_original_haiku	345
o0_T5_original_opus	80
o0_T5_original_sonnet	42
o1_T1_original_haiku	442
o1_T1_original_opus	164
o1_T1_original_sonnet	215
o1_T2_original_haiku	360
o1_T2_original_opus	12
o1_T2_original_sonnet	154
o1_T3_original_haiku	480
o1_T3_original_opus	63
o1_T3_original_sonnet	126
o1_T4_original_haiku	210
o1_T4_original_opus	43
o1_T4_original_sonnet	41
o1_T5_original_haiku	328
o1_T5_original_opus	43
o1_T5_original_sonnet	112
o2_T1_original_haiku	507
o2_T1_original_opus	100
o2_T1_original_sonnet	398
o2_T2_original_haiku	170
o2_T2_original_opus	21
o2_T2_original_sonnet	26
o2_T3_original_haiku	383
o2_T3_original_opus	87
o2_T3_original_sonnet	55
o2_T4_original_haiku	218
o2_T4_original_opus	76
o2_T4_original_sonnet	279
o2_T5_original_haiku	253
o2_T5_original_opus	73
o2_T5_original_sonnet	38
o3_T1_original_haiku	475
o3_T1_original_opus	106
o3_T1_original_sonnet	251
o3_T2_original_haiku	271
o3_T2_original_opus	3
o3_T2_original_sonnet	66
o3_T3_original_haiku	385
o3_T3_original_opus	91
o3_T3_original_sonnet	117
o3_T4_original_haiku	284
o3_T4_original_opus	110
o3_T4_original_sonnet	116
o3_T5_original_haiku	344
o3_T5_original_opus	99
o3_T5_original_sonnet	106
j0_T1_O_ja_haiku	432
j0_T1_O_ja_opus	74
j0_T1_O_ja_sonnet	152
j0_T2_O_ja_haiku	57
j0_T2_O_ja_opus	35
j0_T2_O_ja_sonnet	50
j0_T3_O_ja_haiku	210
j0_T3_O_ja_opus	81
j0_T3_O_ja_sonnet	14
j0_T4_O_ja_haiku	189
j0_T4_O_ja_opus	9
j0_T4_O_ja_sonnet	7
j0_T5_O_ja_haiku	97
j0_T5_O_ja_opus	101
j0_T5_O_ja_sonnet	36
j1_T1_O_ja_haiku	137
j1_T1_O_ja_opus	104
j1_T1_O_ja_sonnet	46
j1_T2_O_ja_haiku	27
j1_T2_O_ja_opus	15
j1_T2_O_ja_sonnet	77
j1_T3_O_ja_haiku	134
j1_T3_O_ja_opus	84
j1_T3_O_ja_sonnet	16
j1_T4_O_ja_haiku	71
j1_T4_O_ja_opus	3
j1_T4_O_ja_sonnet	45
j1_T5_O_ja_haiku	128
j1_T5_O_ja_opus	110
j1_T5_O_ja_sonnet	57
j2_T1_O_ja_haiku	147
j2_T1_O_ja_opus	78
j2_T1_O_ja_sonnet	59
j2_T2_O_ja_haiku	40
j2_T2_O_ja_opus	9
j2_T2_O_ja_sonnet	24
j2_T3_O_ja_haiku	366
j2_T3_O_ja_opus	81
j2_T3_O_ja_sonnet	28
j2_T4_O_ja_haiku	163
j2_T4_O_ja_opus	18
j2_T4_O_ja_sonnet	9
j2_T5_O_ja_haiku	299
j2_T5_O_ja_opus	97
j2_T5_O_ja_sonnet	56
j3_T1_O_ja_haiku	155
j3_T1_O_ja_opus	91
j3_T1_O_ja_sonnet	58
j3_T2_O_ja_haiku	16
j3_T2_O_ja_opus	28
j3_T2_O_ja_sonnet	24
j3_T3_O_ja_haiku	173
j3_T3_O_ja_opus	65
j3_T3_O_ja_sonnet	45
j3_T4_O_ja_haiku	19
j3_T4_O_ja_opus	3
j3_T4_O_ja_sonnet	72
j3_T5_O_ja_haiku	179
j3_T5_O_ja_opus	71
j3_T5_O_ja_sonnet	30
