R00	memo
R01	d3_W_C_clarity_opus
R02	d2_W_original_opus
R03	d3_W_none_opus
R04	d3_W_original_sonnet
R05	d1_W_none_opus
R06	d1_W_C_clarity_sonnet
R07	d2_W_L2_ifeq_sonnet
R08	d3_W_C_clarity_sonnet
R09	d2_W_original_sonnet
R10	d1_W_original_opus
R11	d2_W_none_opus
R12	d2_W_none_sonnet
R13	d1_W_C_clarity_opus
R14	d3_W_L2_ifeq_opus
R15	d1_W_P_en_opus
R16	d2_W_P_en_opus
R17	d1_W_P_en_sonnet
R18	d3_W_L2_ifeq_sonnet
R19	d1_W_original_sonnet
R20	d3_W_P_en_sonnet
R21	d2_W_C_clarity_sonnet
R22	d2_W_L2_ifeq_opus
R23	d3_W_none_sonnet
R24	d3_W_P_en_opus
R25	d1_W_L2_ifeq_opus
R26	d1_W_L2_ifeq_sonnet
R27	d2_W_C_clarity_opus
R28	d2_W_P_en_sonnet
R29	d1_W_none_sonnet
R30	d3_W_original_opus
