file	writer	A本文	A確認点	B本文	B確認点	C本文	C確認点	確認点の数	書き方	誤りの数	誤り
W01	e2_W_ME_sonnet	足し算	いいえ	付く	いいえ	期間外も同じ	いいえ	1	記号の多い書き方	0	-
W02	e3_W_MM_sonnet	足し算	いいえ	付く	いいえ	期間外も同じ	いいえ	3	記号の多い書き方	0	-
W03	e1_W_EJ_opus	足し算	いいえ	付く	いいえ	期間外も同じ	いいえ	2	日本語	0	-
W04	e2_W_EE_opus	足し算	いいえ	付く	いいえ	期間外も同じ	はい	3	英語	0	-
W05	e3_W_NJ_opus	足し算	いいえ	付く	いいえ	期間外も同じ	はい	9	日本語	0	-
W06	e1_W_NJ_sonnet	足し算	いいえ	付く	はい	期間外も同じ（送料ルールは通年適用）	はい	9	日本語	0	-
W07	e2_W_EM_sonnet	足し算	いいえ	決めていない	いいえ	決めていない	いいえ	3	英語	0	-
W08	e3_W_ME_sonnet	足し算	いいえ	付く	いいえ	期間外も同じ	いいえ	1	記号の多い書き方	0	-
W09	e3_W_EM_sonnet	決めていない	いいえ	決めていない	はい	決めていない	はい	3	英語	0	-
W10	e2_W_MM_opus	足し算	いいえ	付く	いいえ	期間外も同じ	はい	4	記号の多い書き方	0	-
W11	e2_W_ME_opus	足し算	いいえ	付く	いいえ	期間外も同じ	いいえ	2	記号の多い書き方	0	-
W12	e2_W_EJ_sonnet	足し算	いいえ	付く	はい	期間外も同じ	いいえ	3	日本語	0	-
W13	e2_W_MM_sonnet	足し算	いいえ	付く	いいえ	期間外も同じ	いいえ	2	記号の多い書き方	0	-
W14	e1_W_ME_opus	足し算	いいえ	付く	いいえ	期間外も同じ	いいえ	2	記号の多い書き方	0	-
W15	e2_W_EM_opus	足し算	いいえ	付く	いいえ	決めていない	はい	4	英語	0	-
W16	e1_W_MM_sonnet	足し算	いいえ	付く	いいえ	期間外も同じ	いいえ	2	記号の多い書き方	0	-
W17	e2_W_NJ_sonnet	足し算	はい	付く	いいえ	期間外も同じ	いいえ	7	日本語	0	-
W18	e1_W_EE_opus	足し算	いいえ	付く	いいえ	期間外も同じ	はい	4	英語	0	-
W19	e3_W_EJ_opus	足し算	いいえ	付く	いいえ	期間外も同じ	はい	3	日本語	0	-
W20	e1_W_MM_opus	足し算	いいえ	付く	いいえ	期間外も同じ	いいえ	3	記号の多い書き方	0	-
W21	e3_W_EM_opus	足し算	いいえ	付く	いいえ	期間外も同じ（送料の規則に期間の限定なし）	はい	3	英語	0	-
W22	e3_W_MM_opus	足し算	いいえ	付く	いいえ	期間外も同じ	はい	6	記号の多い書き方	0	-
W23	e3_W_EE_sonnet	足し算	いいえ	付く	いいえ	期間外も同じ	いいえ	1	英語	0	-
W24	e1_W_NJ_opus	足し算	いいえ	付く	いいえ	期間外も同じ	はい	7	日本語	0	-
W25	e1_W_EJ_sonnet	足し算	いいえ	付く	いいえ	期間外も同じ	いいえ	4	記号の多い書き方	0	-
W26	e1_W_EE_sonnet	足し算	いいえ	付く	いいえ	期間外も同じ	はい	3	記号の多い書き方	0	-
W27	e1_W_ME_sonnet	足し算	いいえ	付く	はい	期間外も同じ	いいえ	2	記号の多い書き方	0	-
W28	e3_W_EJ_sonnet	足し算	いいえ	付く	いいえ	期間外も同じ	いいえ	3	日本語	0	-
W29	e1_W_EM_opus	足し算	いいえ	付く	いいえ	期間外も同じ	いいえ	3	英語	0	-
W30	e3_W_NJ_sonnet	足し算	いいえ	付く	はい	期間外も同じ	はい	12	日本語	0	-
W31	e3_W_EE_opus	足し算	いいえ	付く	いいえ	期間外も同じ	いいえ	3	英語	0	-
W32	e2_W_EE_sonnet	足し算	いいえ	付く	いいえ	期間外も同じ	いいえ	1	英語	0	-
W33	e2_W_EJ_opus	足し算	いいえ	付く	いいえ	期間外も同じ	はい	3	日本語	0	-
W34	e3_W_ME_opus	足し算	いいえ	付く	いいえ	期間外も同じ	はい	3	記号の多い書き方	0	-
W35	e2_W_NJ_opus	足し算	はい	付く	いいえ	期間外も同じ	はい	9	日本語	0	-
W36	e1_W_EM_sonnet	足し算	いいえ	付く	いいえ	決めていない	いいえ	1	英語	0	-
